"fullName","batting_team","match_id","match_seq","volatility","type"
"Devon Conway","CSK",1359480,2,19.9811138514763,"Actual"
"Devon Conway","CSK",1359486,3,17.2283833826614,"Actual"
"Devon Conway","CSK",1359491,4,14.8548868974739,"Actual"
"Devon Conway","CSK",1359498,5,12.808379251734,"Actual"
"Devon Conway","CSK",1359503,6,11.043811896343,"Actual"
"Devon Conway","CSK",1359507,7,9.5223430637371,"Actual"
"Devon Conway","CSK",1359511,8,8.21048188757684,"Actual"
"Devon Conway","CSK",1359515,9,7.07935142669807,"Actual"
"Devon Conway","CSK",1359523,10,6.10405318560372,"Actual"
"Devon Conway","CSK",1359529,11,5.2631183482904,"Actual"
"Devon Conway","CSK",1359535,12,4.53803628988034,"Actual"
"Devon Conway","CSK",1359541,13,3.91284636192089,"Actual"
"Devon Conway","CSK",1370350,14,3.37378676423585,"Actual"
"Devon Conway","CSK",1370353,15,2.90899161497562,"Actual"
"Devon Conway","CSK",1370354,16,2.50822974935663,"Forecast"
"Devon Conway","CSK",1370355,17,2.1626795269736,"Forecast"
"Devon Conway","CSK",1370356,18,1.86473462265724,"Forecast"
"Devon Conway","CSK",1370357,19,1.6078366158189,"Forecast"
"Devon Conway","CSK",1370358,20,1.38633061807881,"Forecast"
"Ruturaj Gaikwad","CSK",1359480,2,3.45619310799221,"Actual"
"Ruturaj Gaikwad","CSK",1359486,3,3.36197408563023,"Actual"
"Ruturaj Gaikwad","CSK",1359491,4,3.27032357575226,"Actual"
"Ruturaj Gaikwad","CSK",1359498,5,3.18117155834959,"Actual"
"Ruturaj Gaikwad","CSK",1359503,6,3.09444992221675,"Actual"
"Ruturaj Gaikwad","CSK",1359507,7,3.01009241392457,"Actual"
"Ruturaj Gaikwad","CSK",1359511,8,2.92803458323812,"Actual"
"Ruturaj Gaikwad","CSK",1359515,9,2.84821373986637,"Actual"
"Ruturaj Gaikwad","CSK",1359523,10,2.77056890153771,"Actual"
"Ruturaj Gaikwad","CSK",1359529,11,2.6950407484105,"Actual"
"Ruturaj Gaikwad","CSK",1359535,12,2.62157157778926,"Actual"
"Ruturaj Gaikwad","CSK",1359541,13,2.55010525999972,"Actual"
"Ruturaj Gaikwad","CSK",1370350,14,2.4805871956161,"Actual"
"Ruturaj Gaikwad","CSK",1370353,15,2.41296427341252,"Actual"
"Ruturaj Gaikwad","CSK",1370354,16,2.34718483028478,"Forecast"
"Ruturaj Gaikwad","CSK",1370355,17,2.28319861146276,"Forecast"
"Ruturaj Gaikwad","CSK",1370356,18,2.22095673211977,"Forecast"
"Ruturaj Gaikwad","CSK",1370357,19,2.16041164012135,"Forecast"
"Ruturaj Gaikwad","CSK",1370358,20,2.10151707966051,"Forecast"
"Shivam Dube","CSK",1359480,2,11.5261102061728,"Actual"
"Shivam Dube","CSK",1359486,3,11.8480951999743,"Actual"
"Shivam Dube","CSK",1359491,4,12.1612489940672,"Actual"
"Shivam Dube","CSK",1359498,5,12.4662374313189,"Actual"
"Shivam Dube","CSK",1359507,6,12.763646155375,"Actual"
"Shivam Dube","CSK",1359511,7,13.0539935290788,"Actual"
"Shivam Dube","CSK",1359515,8,13.3377409944677,"Actual"
"Shivam Dube","CSK",1359523,9,13.615301466107,"Actual"
"Shivam Dube","CSK",1359529,10,13.8870461968584,"Actual"
"Shivam Dube","CSK",1359535,11,14.1533104431474,"Actual"
"Shivam Dube","CSK",1359541,12,14.4143981755861,"Actual"
"Shivam Dube","CSK",1370350,13,14.6705860258026,"Actual"
"Shivam Dube","CSK",1370353,14,14.9221266139956,"Actual"
"Shivam Dube","CSK",1370354,15,15.1692514100155,"Forecast"
"Shivam Dube","CSK",1370355,16,15.4121730041049,"Forecast"
"Shivam Dube","CSK",1370356,17,15.6510873800581,"Forecast"
"Shivam Dube","CSK",1370357,18,15.8861755680349,"Forecast"
"Shivam Dube","CSK",1370358,19,16.1176052231895,"Forecast"
"Ambati Rayudu","CSK",1359480,2,5.49863655601359,"Actual"
"Ambati Rayudu","CSK",1359486,3,5.36226972660255,"Actual"
"Ambati Rayudu","CSK",1359491,4,5.22928484341052,"Actual"
"Ambati Rayudu","CSK",1359498,5,5.0995980338201,"Actual"
"Ambati Rayudu","CSK",1359503,6,4.97312751100229,"Actual"
"Ambati Rayudu","CSK",1359511,7,4.84979349912364,"Actual"
"Ambati Rayudu","CSK",1359523,8,4.72951821832546,"Actual"
"Ambati Rayudu","CSK",1359529,9,4.61222581380902,"Actual"
"Ambati Rayudu","CSK",1359535,10,4.49784230578797,"Actual"
"Ambati Rayudu","CSK",1370350,11,4.3862955556939,"Actual"
"Ambati Rayudu","CSK",1370353,12,4.27751521188511,"Actual"
"Ambati Rayudu","CSK",1370354,13,4.17143266686653,"Forecast"
"Ambati Rayudu","CSK",1370355,14,4.06798101593222,"Forecast"
"Ambati Rayudu","CSK",1370356,15,3.96709501228738,"Forecast"
"Ambati Rayudu","CSK",1370357,16,3.86871102783226,"Forecast"
"Ambati Rayudu","CSK",1370358,17,3.77276701247316,"Forecast"
"MS Dhoni","CSK",1359480,2,4.06985438021037,"Actual"
"MS Dhoni","CSK",1359491,3,4.17692930754837,"Actual"
"MS Dhoni","CSK",1359498,4,4.26228634153538,"Actual"
"MS Dhoni","CSK",1359507,5,4.33067241707688,"Actual"
"MS Dhoni","CSK",1359515,6,4.38567019275298,"Actual"
"MS Dhoni","CSK",1359523,7,4.43003019962813,"Actual"
"MS Dhoni","CSK",1359529,8,4.46589153702243,"Actual"
"MS Dhoni","CSK",1359535,9,4.49493433184525,"Actual"
"MS Dhoni","CSK",1359541,10,4.51848838838693,"Actual"
"MS Dhoni","CSK",1370350,11,4.53761258523476,"Actual"
"MS Dhoni","CSK",1370353,12,4.55315408618148,"Actual"
"MS Dhoni","CSK",1370354,13,4.56579323340029,"Forecast"
"MS Dhoni","CSK",1370355,14,4.57607804607671,"Forecast"
"MS Dhoni","CSK",1370356,15,4.58445102387317,"Forecast"
"MS Dhoni","CSK",1370357,16,4.5912701590104,"Forecast"
"MS Dhoni","CSK",1370358,17,4.59682552921049,"Forecast"
"Ravindra Jadeja","CSK",1359480,2,3.23594468633138,"Actual"
"Ravindra Jadeja","CSK",1359491,3,2.49297618265659,"Actual"
"Ravindra Jadeja","CSK",1359498,4,1.92059226715897,"Actual"
"Ravindra Jadeja","CSK",1359507,5,1.47962689653349,"Actual"
"Ravindra Jadeja","CSK",1359511,6,1.13990657916219,"Actual"
"Ravindra Jadeja","CSK",1359515,7,0.87818558843157,"Actual"
"Ravindra Jadeja","CSK",1359529,8,0.676555386035442,"Actual"
"Ravindra Jadeja","CSK",1359535,9,0.521219210700453,"Actual"
"Ravindra Jadeja","CSK",1359541,10,0.401548015600917,"Actual"
"Ravindra Jadeja","CSK",1370350,11,0.309353173020146,"Actual"
"Ravindra Jadeja","CSK",1370353,12,0.238326152148397,"Actual"
"Ravindra Jadeja","CSK",1370354,13,0.183606853319957,"Forecast"
"Ravindra Jadeja","CSK",1370355,14,0.141451049709253,"Forecast"
"Ravindra Jadeja","CSK",1370356,15,0.108974185416382,"Forecast"
"Ravindra Jadeja","CSK",1370357,16,0.0839539962772648,"Forecast"
"Ravindra Jadeja","CSK",1370358,17,0.0646784490978918,"Forecast"
"Ajinkya Rahane","CSK",1359491,2,3.13499064773815,"Actual"
"Ajinkya Rahane","CSK",1359498,3,2.94856390182824,"Actual"
"Ajinkya Rahane","CSK",1359503,4,2.77322331241213,"Actual"
"Ajinkya Rahane","CSK",1359507,5,2.60830962526714,"Actual"
"Ajinkya Rahane","CSK",1359511,6,2.45320278984214,"Actual"
"Ajinkya Rahane","CSK",1359523,7,2.30731962758549,"Actual"
"Ajinkya Rahane","CSK",1359529,8,2.17011163986049,"Actual"
"Ajinkya Rahane","CSK",1359535,9,2.04106294528799,"Actual"
"Ajinkya Rahane","CSK",1370350,10,1.91968834019821,"Actual"
"Ajinkya Rahane","CSK",1370353,11,1.80553147434306,"Actual"
"Ajinkya Rahane","CSK",1370354,12,1.69816313508786,"Forecast"
"Ajinkya Rahane","CSK",1370355,13,1.5971796336421,"Forecast"
"Ajinkya Rahane","CSK",1370356,14,1.50220128723352,"Forecast"
"Ajinkya Rahane","CSK",1370357,15,1.41287099157443,"Forecast"
"Ajinkya Rahane","CSK",1370358,16,1.32885287819787,"Forecast"
"David Warner","DC",1359481,2,11.8982256040469,"Actual"
"David Warner","DC",1359485,3,12.2045582207921,"Actual"
"David Warner","DC",1359490,4,12.5030926472017,"Actual"
"David Warner","DC",1359494,5,12.7943750500921,"Actual"
"David Warner","DC",1359502,6,13.0788902554994,"Actual"
"David Warner","DC",1359508,7,13.3570709945124,"Actual"
"David Warner","DC",1359514,8,13.6293053939028,"Actual"
"David Warner","DC",1359518,9,13.8959432137957,"Actual"
"David Warner","DC",1359524,10,14.1573009343272,"Actual"
"David Warner","DC",1359529,11,14.4136661901378,"Actual"
"David Warner","DC",1359533,12,14.6653007592991,"Actual"
"David Warner","DC",1359538,13,14.9124453315453,"Actual"
"David Warner","DC",1359541,14,15.1553182009092,"Actual"
"David Warner","DC",1359542,15,15.3941225850363,"Forecast"
"David Warner","DC",1359543,16,15.6290453271645,"Forecast"
"David Warner","DC",1359544,17,15.8602590312424,"Forecast"
"David Warner","DC",1359545,18,16.0879238421762,"Forecast"
"David Warner","DC",1359546,19,16.3121885767006,"Forecast"
"Axar Patel","DC",1359481,2,11.6237081961481,"Actual"
"Axar Patel","DC",1359485,3,11.1834464577275,"Actual"
"Axar Patel","DC",1359490,4,10.7598608847578,"Actual"
"Axar Patel","DC",1359494,5,10.3523200762799,"Actual"
"Axar Patel","DC",1359502,6,9.9602158570515,"Actual"
"Axar Patel","DC",1359508,7,9.58296378200717,"Actual"
"Axar Patel","DC",1359514,8,9.22000131147805,"Actual"
"Axar Patel","DC",1359518,9,8.87078721945744,"Actual"
"Axar Patel","DC",1359524,10,8.5348007747721,"Actual"
"Axar Patel","DC",1359529,11,8.21154097296729,"Actual"
"Axar Patel","DC",1359533,12,7.900525779825,"Actual"
"Axar Patel","DC",1359541,13,7.60129143757301,"Actual"
"Axar Patel","DC",1359542,14,7.31339177071995,"Forecast"
"Axar Patel","DC",1359543,15,7.0363974172835,"Forecast"
"Axar Patel","DC",1359544,16,6.76989536494825,"Forecast"
"Axar Patel","DC",1359545,17,6.51348822004096,"Forecast"
"Axar Patel","DC",1359546,18,6.2667936418763,"Forecast"
"Shubman Gill","GT",1359481,2,11.4187549841308,"Actual"
"Shubman Gill","GT",1359487,3,11.3164558443752,"Actual"
"Shubman Gill","GT",1359492,4,11.2150732375944,"Actual"
"Shubman Gill","GT",1359497,5,11.1145989512493,"Actual"
"Shubman Gill","GT",1359504,6,11.0150248481737,"Actual"
"Shubman Gill","GT",1359509,7,10.9163428640702,"Actual"
"Shubman Gill","GT",1359513,8,10.8185452739335,"Actual"
"Shubman Gill","GT",1359518,9,10.7216236197239,"Actual"
"Shubman Gill","GT",1359522,10,10.6255703215643,"Actual"
"Shubman Gill","GT",1359525,11,10.5303776064236,"Actual"
"Shubman Gill","GT",1359531,12,10.4360377523551,"Actual"
"Shubman Gill","GT",1359536,13,10.3425431236169,"Actual"
"Shubman Gill","GT",1359544,14,10.249886241809,"Actual"
"Shubman Gill","GT",1370350,15,10.1580594156043,"Actual"
"Shubman Gill","GT",1370352,16,10.0670553017041,"Actual"
"Shubman Gill","GT",1370353,17,9.97686653116665,"Actual"
"Shubman Gill","GT",1370354,18,9.88748579640906,"Forecast"
"Shubman Gill","GT",1370355,19,9.79890587884574,"Forecast"
"Shubman Gill","GT",1370356,20,9.7111195850469,"Forecast"
"Shubman Gill","GT",1370357,21,9.62411980510761,"Forecast"
"Shubman Gill","GT",1370358,22,9.53789949282351,"Forecast"
"Wriddhiman Saha","GT",1359481,2,7.2263905144082,"Actual"
"Wriddhiman Saha","GT",1359487,3,7.38505701250281,"Actual"
"Wriddhiman Saha","GT",1359492,4,7.49750575025705,"Actual"
"Wriddhiman Saha","GT",1359497,5,7.57764118216303,"Actual"
"Wriddhiman Saha","GT",1359504,6,7.63496516228573,"Actual"
"Wriddhiman Saha","GT",1359509,7,7.67607909117687,"Actual"
"Wriddhiman Saha","GT",1359513,8,7.70562132096918,"Actual"
"Wriddhiman Saha","GT",1359518,9,7.72687652232944,"Actual"
"Wriddhiman Saha","GT",1359522,10,7.74218356702335,"Actual"
"Wriddhiman Saha","GT",1359525,11,7.75321435079907,"Actual"
"Wriddhiman Saha","GT",1359531,12,7.76116730464709,"Actual"
"Wriddhiman Saha","GT",1359536,13,7.76690317422459,"Actual"
"Wriddhiman Saha","GT",1359544,14,7.7710410460275,"Actual"
"Wriddhiman Saha","GT",1370350,15,7.77402664725173,"Actual"
"Wriddhiman Saha","GT",1370352,16,7.77618112518226,"Actual"
"Wriddhiman Saha","GT",1370353,17,7.7777359887721,"Actual"
"Wriddhiman Saha","GT",1370354,18,7.77885819165422,"Forecast"
"Wriddhiman Saha","GT",1370355,19,7.77966816601282,"Forecast"
"Wriddhiman Saha","GT",1370356,20,7.78025280284427,"Forecast"
"Wriddhiman Saha","GT",1370357,21,7.78067480231349,"Forecast"
"Wriddhiman Saha","GT",1370358,22,7.7809794132236,"Forecast"
"Hardik Pandya","GT",1359481,2,1.27548160097771,"Actual"
"Hardik Pandya","GT",1359492,3,1.28394404413531,"Actual"
"Hardik Pandya","GT",1359497,4,1.29234269266146,"Actual"
"Hardik Pandya","GT",1359504,5,1.30067879815843,"Actual"
"Hardik Pandya","GT",1359509,6,1.3089535517447,"Actual"
"Hardik Pandya","GT",1359513,7,1.31716812540986,"Actual"
"Hardik Pandya","GT",1359518,8,1.32532364199328,"Actual"
"Hardik Pandya","GT",1359522,9,1.33342119616413,"Actual"
"Hardik Pandya","GT",1359525,10,1.34146184512159,"Actual"
"Hardik Pandya","GT",1359531,11,1.349446614466,"Actual"
"Hardik Pandya","GT",1359536,12,1.35737649917168,"Actual"
"Hardik Pandya","GT",1370350,13,1.36525245942112,"Actual"
"Hardik Pandya","GT",1370352,14,1.37307543410991,"Actual"
"Hardik Pandya","GT",1370353,15,1.38084634013676,"Actual"
"Hardik Pandya","GT",1370354,16,1.3885660418084,"Forecast"
"Hardik Pandya","GT",1370355,17,1.3962354060786,"Forecast"
"Hardik Pandya","GT",1370356,18,1.403855264171,"Forecast"
"Hardik Pandya","GT",1370357,19,1.41142642546173,"Forecast"
"Hardik Pandya","GT",1370358,20,1.41894967697515,"Forecast"
"David Miller","GT",1359487,2,10.5332463691606,"Actual"
"David Miller","GT",1359492,3,10.3714520939876,"Actual"
"David Miller","GT",1359497,4,10.2121430687428,"Actual"
"David Miller","GT",1359504,5,10.0552811185624,"Actual"
"David Miller","GT",1359509,6,9.90082865590152,"Actual"
"David Miller","GT",1359513,7,9.74874867742046,"Actual"
"David Miller","GT",1359518,8,9.59900472649766,"Actual"
"David Miller","GT",1359525,9,9.45156092826999,"Actual"
"David Miller","GT",1359531,10,9.30638195422832,"Actual"
"David Miller","GT",1359536,11,9.16343301069996,"Actual"
"David Miller","GT",1359544,12,9.02267984641198,"Actual"
"David Miller","GT",1370350,13,8.88408873344854,"Actual"
"David Miller","GT",1370351,14,8.74762646207631,"Forecast"
"David Miller","GT",1370352,15,8.61326033328441,"Forecast"
"David Miller","GT",1370353,16,8.48095814904734,"Forecast"
"David Miller","GT",1370354,17,8.35068820657632,"Forecast"
"David Miller","GT",1370355,18,8.22241929005667,"Forecast"
"Andre Russell","KKR",1359483,2,13.6675913959932,"Actual"
"Andre Russell","KKR",1359487,3,13.9996702130134,"Actual"
"Andre Russell","KKR",1359493,4,14.2625341866165,"Actual"
"Andre Russell","KKR",1359496,5,14.4715931733212,"Actual"
"Andre Russell","KKR",1359502,6,14.6384537345488,"Actual"
"Andre Russell","KKR",1359507,7,14.7719978219125,"Actual"
"Andre Russell","KKR",1359510,8,14.8791041843366,"Actual"
"Andre Russell","KKR",1359513,9,14.9651490862165,"Actual"
"Andre Russell","KKR",1359521,10,15.034364274209,"Actual"
"Andre Russell","KKR",1359527,11,15.0900990227379,"Actual"
"Andre Russell","KKR",1359530,12,15.1350156521237,"Actual"
"Andre Russell","KKR",1359535,13,15.171237668175,"Actual"
"Andre Russell","KKR",1359542,14,15.2004634072556,"Actual"
"Andre Russell","KKR",1359543,15,15.2240540987781,"Forecast"
"Andre Russell","KKR",1359544,16,15.2431026607899,"Forecast"
"Andre Russell","KKR",1359545,17,15.2584877985533,"Forecast"
"Andre Russell","KKR",1359546,18,15.2709167729282,"Forecast"
"Andre Russell","KKR",1359547,19,15.2809593574133,"Forecast"
"Nitish Rana","KKR",1359483,2,17.1853790178097,"Actual"
"Nitish Rana","KKR",1359487,3,14.4114075122134,"Actual"
"Nitish Rana","KKR",1359493,4,12.0851961369033,"Actual"
"Nitish Rana","KKR",1359496,5,10.134468829679,"Actual"
"Nitish Rana","KKR",1359502,6,8.4986174896867,"Actual"
"Nitish Rana","KKR",1359507,7,7.1268165353233,"Actual"
"Nitish Rana","KKR",1359510,8,5.97644438250579,"Actual"
"Nitish Rana","KKR",1359513,9,5.01175918109852,"Actual"
"Nitish Rana","KKR",1359521,10,4.20278835994686,"Actual"
"Nitish Rana","KKR",1359527,11,3.5243973904988,"Actual"
"Nitish Rana","KKR",1359530,12,2.95550871138211,"Actual"
"Nitish Rana","KKR",1359535,13,2.47844711208214,"Actual"
"Nitish Rana","KKR",1359542,14,2.07839037819575,"Actual"
"Nitish Rana","KKR",1359543,15,1.7429088305952,"Forecast"
"Nitish Rana","KKR",1359544,16,1.461579118466,"Forecast"
"Nitish Rana","KKR",1359545,17,1.22566038272793,"Forecast"
"Nitish Rana","KKR",1359546,18,1.02782267455682,"Forecast"
"Nitish Rana","KKR",1359547,19,0.861919215181282,"Forecast"
"Rinku Singh","KKR",1359483,2,4.51199166093871,"Actual"
"Rinku Singh","KKR",1359487,3,4.14541927551637,"Actual"
"Rinku Singh","KKR",1359493,4,3.80862867465841,"Actual"
"Rinku Singh","KKR",1359496,5,3.499200310916,"Actual"
"Rinku Singh","KKR",1359502,6,3.21491116667345,"Actual"
"Rinku Singh","KKR",1359507,7,2.95371882932873,"Actual"
"Rinku Singh","KKR",1359510,8,2.71374685178615,"Actual"
"Rinku Singh","KKR",1359513,9,2.49327114572765,"Actual"
"Rinku Singh","KKR",1359521,10,2.29070778551289,"Actual"
"Rinku Singh","KKR",1359527,11,2.10460149995309,"Actual"
"Rinku Singh","KKR",1359530,12,1.93361525235732,"Actual"
"Rinku Singh","KKR",1359535,13,1.77652062906776,"Actual"
"Rinku Singh","KKR",1359542,14,1.63218901986871,"Actual"
"Rinku Singh","KKR",1359543,15,1.4995835039037,"Forecast"
"Rinku Singh","KKR",1359544,16,1.37775141004361,"Forecast"
"Rinku Singh","KKR",1359545,17,1.26581746136706,"Forecast"
"Rinku Singh","KKR",1359546,18,1.16297749359093,"Forecast"
"Rinku Singh","KKR",1359547,19,1.06849267609287,"Forecast"
"Venkatesh Iyer","KKR",1359483,2,11.3140739217939,"Actual"
"Venkatesh Iyer","KKR",1359487,3,9.98360063671806,"Actual"
"Venkatesh Iyer","KKR",1359493,4,8.8095837713673,"Actual"
"Venkatesh Iyer","KKR",1359496,5,7.77362487124695,"Actual"
"Venkatesh Iyer","KKR",1359502,6,6.85948909320736,"Actual"
"Venkatesh Iyer","KKR",1359507,7,6.05285070072803,"Actual"
"Venkatesh Iyer","KKR",1359510,8,5.34106859532786,"Actual"
"Venkatesh Iyer","KKR",1359513,9,4.71298818824958,"Actual"
"Venkatesh Iyer","KKR",1359521,10,4.15876662275504,"Actual"
"Venkatesh Iyer","KKR",1359527,11,3.66971850398303,"Actual"
"Venkatesh Iyer","KKR",1359530,12,3.23817979245965,"Actual"
"Venkatesh Iyer","KKR",1359535,13,2.85738769918656,"Actual"
"Venkatesh Iyer","KKR",1359542,14,2.5213746998806,"Actual"
"Venkatesh Iyer","KKR",1359543,15,2.22487502122099,"Forecast"
"Venkatesh Iyer","KKR",1359544,16,1.96324211628524,"Forecast"
"Venkatesh Iyer","KKR",1359545,17,1.73237584647463,"Forecast"
"Venkatesh Iyer","KKR",1359546,18,1.52865822793117,"Forecast"
"Venkatesh Iyer","KKR",1359547,19,1.34889673254723,"Forecast"
"Rahmanullah Gurbaz","KKR",1359483,2,6.98015685493987,"Actual"
"Rahmanullah Gurbaz","KKR",1359487,3,7.25834746930932,"Actual"
"Rahmanullah Gurbaz","KKR",1359493,4,7.41927369913684,"Actual"
"Rahmanullah Gurbaz","KKR",1359496,5,7.51359611120508,"Actual"
"Rahmanullah Gurbaz","KKR",1359513,6,7.56928257051546,"Actual"
"Rahmanullah Gurbaz","KKR",1359521,7,7.60229509712857,"Actual"
"Rahmanullah Gurbaz","KKR",1359527,8,7.62191290451062,"Actual"
"Rahmanullah Gurbaz","KKR",1359530,9,7.63358729965764,"Actual"
"Rahmanullah Gurbaz","KKR",1359535,10,7.64054042549006,"Actual"
"Rahmanullah Gurbaz","KKR",1359542,11,7.64468366808368,"Actual"
"Rahmanullah Gurbaz","KKR",1359543,12,7.64715327697674,"Forecast"
"Rahmanullah Gurbaz","KKR",1359544,13,7.64862556205126,"Forecast"
"Rahmanullah Gurbaz","KKR",1359545,14,7.64950337271826,"Forecast"
"Rahmanullah Gurbaz","KKR",1359546,15,7.6500267763637,"Forecast"
"Rahmanullah Gurbaz","KKR",1359547,16,7.65033887271625,"Forecast"
"Marcus Stoinis","LSG",1359480,2,15.590434205783,"Actual"
"Marcus Stoinis","LSG",1359484,3,15.9303150307936,"Actual"
"Marcus Stoinis","LSG",1359489,4,16.1858677501775,"Actual"
"Marcus Stoinis","LSG",1359495,5,16.3789476385606,"Actual"
"Marcus Stoinis","LSG",1359500,6,16.5253386516528,"Actual"
"Marcus Stoinis","LSG",1359504,7,16.6366163151587,"Actual"
"Marcus Stoinis","LSG",1359512,8,16.7213643434311,"Actual"
"Marcus Stoinis","LSG",1359517,9,16.7859997258698,"Actual"
"Marcus Stoinis","LSG",1359519,10,16.835348536936,"Actual"
"Marcus Stoinis","LSG",1359525,11,16.8730566538895,"Actual"
"Marcus Stoinis","LSG",1359532,12,16.9018876496007,"Actual"
"Marcus Stoinis","LSG",1359537,13,16.923941633961,"Actual"
"Marcus Stoinis","LSG",1359542,14,16.940817604344,"Actual"
"Marcus Stoinis","LSG",1370351,15,16.9537347951755,"Actual"
"Marcus Stoinis","LSG",1370352,16,16.9636239046879,"Forecast"
"Marcus Stoinis","LSG",1370353,17,16.9711959794661,"Forecast"
"Marcus Stoinis","LSG",1370354,18,16.9769946047239,"Forecast"
"Marcus Stoinis","LSG",1370355,19,16.9814355487692,"Forecast"
"Marcus Stoinis","LSG",1370356,20,16.9848369373479,"Forecast"
"Nicholas Pooran","LSG",1359480,2,17.8526243681032,"Actual"
"Nicholas Pooran","LSG",1359484,3,17.7432772949356,"Actual"
"Nicholas Pooran","LSG",1359489,4,17.6346000419889,"Actual"
"Nicholas Pooran","LSG",1359495,5,17.5265885027354,"Actual"
"Nicholas Pooran","LSG",1359500,6,17.4192386065141,"Actual"
"Nicholas Pooran","LSG",1359504,7,17.3125463442902,"Actual"
"Nicholas Pooran","LSG",1359512,8,17.2065075938464,"Actual"
"Nicholas Pooran","LSG",1359517,9,17.1011186955109,"Actual"
"Nicholas Pooran","LSG",1359519,10,16.9963750769558,"Actual"
"Nicholas Pooran","LSG",1359525,11,16.8922730804955,"Actual"
"Nicholas Pooran","LSG",1359532,12,16.7888087791498,"Actual"
"Nicholas Pooran","LSG",1359537,13,16.6859782837,"Actual"
"Nicholas Pooran","LSG",1359542,14,16.5837776759601,"Actual"
"Nicholas Pooran","LSG",1370351,15,16.4822031132998,"Actual"
"Nicholas Pooran","LSG",1370352,16,16.381250766766,"Forecast"
"Nicholas Pooran","LSG",1370353,17,16.28091684402,"Forecast"
"Nicholas Pooran","LSG",1370354,18,16.1811975355297,"Forecast"
"Nicholas Pooran","LSG",1370355,19,16.0820890768321,"Forecast"
"Nicholas Pooran","LSG",1370356,20,15.983587726524,"Forecast"
"Krunal Pandya","LSG",1359480,2,15.4871399023542,"Actual"
"Krunal Pandya","LSG",1359484,3,15.8629483722955,"Actual"
"Krunal Pandya","LSG",1359489,4,16.2296942830303,"Actual"
"Krunal Pandya","LSG",1359495,5,16.587979102017,"Actual"
"Krunal Pandya","LSG",1359500,6,16.9383401271238,"Actual"
"Krunal Pandya","LSG",1359504,7,17.2812595877352,"Actual"
"Krunal Pandya","LSG",1359512,8,17.617172401543,"Actual"
"Krunal Pandya","LSG",1359517,9,17.9464723448355,"Actual"
"Krunal Pandya","LSG",1359519,10,18.2695173198004,"Actual"
"Krunal Pandya","LSG",1359525,11,18.5866337925045,"Actual"
"Krunal Pandya","LSG",1359537,12,18.8981205187395,"Actual"
"Krunal Pandya","LSG",1359542,13,19.2042521427935,"Actual"
"Krunal Pandya","LSG",1370351,14,19.5052803196332,"Actual"
"Krunal Pandya","LSG",1370352,15,19.8014384859788,"Forecast"
"Krunal Pandya","LSG",1370353,16,20.0929423295165,"Forecast"
"Krunal Pandya","LSG",1370354,17,20.3799918049946,"Forecast"
"Krunal Pandya","LSG",1370355,18,20.662772836418,"Forecast"
"Krunal Pandya","LSG",1370356,19,20.941458617566,"Forecast"
"Kyle Mayers","LSG",1359480,2,5.85755672316469,"Actual"
"Kyle Mayers","LSG",1359484,3,5.76287537881311,"Actual"
"Kyle Mayers","LSG",1359489,4,5.66972448696328,"Actual"
"Kyle Mayers","LSG",1359495,5,5.5780793094921,"Actual"
"Kyle Mayers","LSG",1359500,6,5.48791551803981,"Actual"
"Kyle Mayers","LSG",1359504,7,5.39920914818799,"Actual"
"Kyle Mayers","LSG",1359512,8,5.31193665137638,"Actual"
"Kyle Mayers","LSG",1359517,9,5.22607485162763,"Actual"
"Kyle Mayers","LSG",1359519,10,5.14160094502694,"Actual"
"Kyle Mayers","LSG",1359525,11,5.05849250000825,"Actual"
"Kyle Mayers","LSG",1359532,12,4.97672744375136,"Actual"
"Kyle Mayers","LSG",1370351,13,4.89628406065663,"Actual"
"Kyle Mayers","LSG",1370352,14,4.81714098917983,"Forecast"
"Kyle Mayers","LSG",1370353,15,4.73927721100714,"Forecast"
"Kyle Mayers","LSG",1370354,16,4.66267204740696,"Forecast"
"Kyle Mayers","LSG",1370355,17,4.58730515426964,"Forecast"
"Kyle Mayers","LSG",1370356,18,4.51315651633423,"Forecast"
"Ayush Badoni","LSG",1359480,2,12.8276633456216,"Actual"
"Ayush Badoni","LSG",1359489,3,13.1390748473514,"Actual"
"Ayush Badoni","LSG",1359495,4,13.4429721397981,"Actual"
"Ayush Badoni","LSG",1359500,5,13.7398541238768,"Actual"
"Ayush Badoni","LSG",1359504,6,14.0301664362288,"Actual"
"Ayush Badoni","LSG",1359512,7,14.3143091060986,"Actual"
"Ayush Badoni","LSG",1359517,8,14.5926428006739,"Actual"
"Ayush Badoni","LSG",1359519,9,14.8654940767958,"Actual"
"Ayush Badoni","LSG",1359525,10,15.1331600147012,"Actual"
"Ayush Badoni","LSG",1359542,11,15.3959108373016,"Actual"
"Ayush Badoni","LSG",1370351,12,15.6539945476242,"Actual"
"Ayush Badoni","LSG",1370352,13,15.9076385572451,"Forecast"
"Ayush Badoni","LSG",1370353,14,16.1570522477538,"Forecast"
"Ayush Badoni","LSG",1370354,15,16.4024288089312,"Forecast"
"Ayush Badoni","LSG",1370355,16,16.643947038962,"Forecast"
"Ayush Badoni","LSG",1370356,17,16.8817727748381,"Forecast"
"Deepak Hooda","LSG",1359480,2,3.30672998486383,"Actual"
"Deepak Hooda","LSG",1359484,3,3.3732370906381,"Actual"
"Deepak Hooda","LSG",1359489,4,3.43839342927587,"Actual"
"Deepak Hooda","LSG",1359495,5,3.50227445451071,"Actual"
"Deepak Hooda","LSG",1359500,6,3.56494878944222,"Actual"
"Deepak Hooda","LSG",1359504,7,3.62647905624343,"Actual"
"Deepak Hooda","LSG",1359512,8,3.68692259623746,"Actual"
"Deepak Hooda","LSG",1359517,9,3.74633207460925,"Actual"
"Deepak Hooda","LSG",1359525,10,3.80475597920914,"Actual"
"Deepak Hooda","LSG",1359537,11,3.86223912588048,"Actual"
"Deepak Hooda","LSG",1370351,12,3.91882291316347,"Actual"
"Deepak Hooda","LSG",1370352,13,3.97454583458555,"Forecast"
"Deepak Hooda","LSG",1370353,14,4.02944366749697,"Forecast"
"Deepak Hooda","LSG",1370354,15,4.08354973644921,"Forecast"
"Deepak Hooda","LSG",1370355,16,4.13689516091285,"Forecast"
"Deepak Hooda","LSG",1370356,17,4.18950904948001,"Forecast"
"Cameron Green","MI",1359486,2,22.4464583280302,"Actual"
"Cameron Green","MI",1359490,3,21.7171314139348,"Actual"
"Cameron Green","MI",1359496,4,21.0115017853059,"Actual"
"Cameron Green","MI",1359499,5,20.3287994737338,"Actual"
"Cameron Green","MI",1359505,6,19.668279560832,"Actual"
"Cameron Green","MI",1359509,7,19.0292212349525,"Actual"
"Cameron Green","MI",1359516,8,18.4109272024565,"Actual"
"Cameron Green","MI",1359520,9,17.8127227935348,"Actual"
"Cameron Green","MI",1359523,10,17.2339552600464,"Actual"
"Cameron Green","MI",1359528,11,16.6739930627444,"Actual"
"Cameron Green","MI",1359531,12,16.1322251824188,"Actual"
"Cameron Green","MI",1359537,13,15.6080604530295,"Actual"
"Cameron Green","MI",1359543,14,15.1009269169782,"Actual"
"Cameron Green","MI",1370351,15,14.610271206166,"Actual"
"Cameron Green","MI",1370352,16,14.1355579160019,"Actual"
"Cameron Green","MI",1370353,17,13.6762690547576,"Forecast"
"Cameron Green","MI",1370354,18,13.2319034570166,"Forecast"
"Cameron Green","MI",1370355,19,12.8019762390431,"Forecast"
"Cameron Green","MI",1370356,20,12.3860182731362,"Forecast"
"Cameron Green","MI",1370357,21,11.9835756745544,"Forecast"
"Rohit Sharma","MI",1359486,2,2.525247278567,"Actual"
"Rohit Sharma","MI",1359490,3,2.46716732474924,"Actual"
"Rohit Sharma","MI",1359496,4,2.41042317675218,"Actual"
"Rohit Sharma","MI",1359499,5,2.35498413975588,"Actual"
"Rohit Sharma","MI",1359505,6,2.30082020220447,"Actual"
"Rohit Sharma","MI",1359509,7,2.24790203730908,"Actual"
"Rohit Sharma","MI",1359516,8,2.19620099131139,"Actual"
"Rohit Sharma","MI",1359520,9,2.14568907222064,"Actual"
"Rohit Sharma","MI",1359523,10,2.09633893068218,"Actual"
"Rohit Sharma","MI",1359528,11,2.04812384399536,"Actual"
"Rohit Sharma","MI",1359531,12,2.00101773066038,"Actual"
"Rohit Sharma","MI",1359537,13,1.95499506069137,"Actual"
"Rohit Sharma","MI",1359543,14,1.9100308947645,"Actual"
"Rohit Sharma","MI",1370351,15,1.86610090985613,"Actual"
"Rohit Sharma","MI",1370352,16,1.82318131862856,"Actual"
"Rohit Sharma","MI",1370353,17,1.78124888318247,"Forecast"
"Rohit Sharma","MI",1370354,18,1.74028090354069,"Forecast"
"Rohit Sharma","MI",1370355,19,1.70025519350765,"Forecast"
"Rohit Sharma","MI",1370356,20,1.66115008128883,"Forecast"
"Rohit Sharma","MI",1370357,21,1.62294439354447,"Forecast"
"Suryakumar Yadav","MI",1359486,2,8.99318278431218,"Actual"
"Suryakumar Yadav","MI",1359490,3,7.86189486319417,"Actual"
"Suryakumar Yadav","MI",1359496,4,6.87291612667766,"Actual"
"Suryakumar Yadav","MI",1359499,5,6.00834501293578,"Actual"
"Suryakumar Yadav","MI",1359505,6,5.25253165248172,"Actual"
"Suryakumar Yadav","MI",1359509,7,4.59179505677217,"Actual"
"Suryakumar Yadav","MI",1359516,8,4.01417513682746,"Actual"
"Suryakumar Yadav","MI",1359520,9,3.50921632417459,"Actual"
"Suryakumar Yadav","MI",1359523,10,3.06777829376596,"Actual"
"Suryakumar Yadav","MI",1359528,11,2.68187051849863,"Actual"
"Suryakumar Yadav","MI",1359531,12,2.34450763148193,"Actual"
"Suryakumar Yadav","MI",1359537,13,2.04958298198254,"Actual"
"Suryakumar Yadav","MI",1359543,14,1.79175810191599,"Actual"
"Suryakumar Yadav","MI",1370351,15,1.56636607002529,"Actual"
"Suryakumar Yadav","MI",1370352,16,1.36932703234348,"Actual"
"Suryakumar Yadav","MI",1370353,17,1.19707436173707,"Forecast"
"Suryakumar Yadav","MI",1370354,18,1.04649009075807,"Forecast"
"Suryakumar Yadav","MI",1370355,19,0.914848473204794,"Forecast"
"Suryakumar Yadav","MI",1370356,20,0.799766647013006,"Forecast"
"Suryakumar Yadav","MI",1370357,21,0.699161501058556,"Forecast"
"Ishan Kishan","MI",1359486,2,3.2929356843296,"Actual"
"Ishan Kishan","MI",1359490,3,3.28302759290866,"Actual"
"Ishan Kishan","MI",1359496,4,3.27314932753785,"Actual"
"Ishan Kishan","MI",1359499,5,3.26330079508348,"Actual"
"Ishan Kishan","MI",1359505,6,3.25348191120463,"Actual"
"Ishan Kishan","MI",1359509,7,3.2436925855705,"Actual"
"Ishan Kishan","MI",1359516,8,3.23393278875044,"Actual"
"Ishan Kishan","MI",1359520,9,3.22420230376422,"Actual"
"Ishan Kishan","MI",1359523,10,3.2145011093752,"Actual"
"Ishan Kishan","MI",1359528,11,3.20482912194873,"Actual"
"Ishan Kishan","MI",1359531,12,3.19518626588513,"Actual"
"Ishan Kishan","MI",1359537,13,3.18557241726373,"Actual"
"Ishan Kishan","MI",1359543,14,3.17598750565659,"Actual"
"Ishan Kishan","MI",1370351,15,3.16643145040901,"Actual"
"Ishan Kishan","MI",1370352,16,3.15690415799566,"Forecast"
"Ishan Kishan","MI",1370353,17,3.14740555036111,"Forecast"
"Ishan Kishan","MI",1370354,18,3.13793553533356,"Forecast"
"Ishan Kishan","MI",1370355,19,3.12849402688264,"Forecast"
"Ishan Kishan","MI",1370356,20,3.11908093923695,"Forecast"
"Tim David","MI",1359486,2,9.63833490390548,"Actual"
"Tim David","MI",1359490,3,9.53860944624036,"Actual"
"Tim David","MI",1359496,4,9.43991584665972,"Actual"
"Tim David","MI",1359499,5,9.34224346909354,"Actual"
"Tim David","MI",1359505,6,9.24558174194067,"Actual"
"Tim David","MI",1359509,7,9.14992021235016,"Actual"
"Tim David","MI",1359516,8,9.05524852799795,"Actual"
"Tim David","MI",1359520,9,8.96155677224226,"Actual"
"Tim David","MI",1359523,10,8.86883416038915,"Actual"
"Tim David","MI",1359528,11,8.77707098737256,"Actual"
"Tim David","MI",1359531,12,8.68625732606587,"Actual"
"Tim David","MI",1359537,13,8.59638335379293,"Actual"
"Tim David","MI",1370351,14,8.50743937057893,"Actual"
"Tim David","MI",1370352,15,8.41941570550336,"Actual"
"Tim David","MI",1370353,16,8.33230286088447,"Forecast"
"Tim David","MI",1370354,17,8.24609143555956,"Forecast"
"Tim David","MI",1370355,18,8.16077207994797,"Forecast"
"Tim David","MI",1370356,19,8.07633556412372,"Forecast"
"Tim David","MI",1370357,20,7.99277275366724,"Forecast"
"Tilak Varma","MI",1359486,2,5.13770260855268,"Actual"
"Tilak Varma","MI",1359490,3,5.28138195037345,"Actual"
"Tilak Varma","MI",1359496,4,5.41231031039819,"Actual"
"Tilak Varma","MI",1359499,5,5.53196014720177,"Actual"
"Tilak Varma","MI",1359505,6,5.64156911157826,"Actual"
"Tilak Varma","MI",1359509,7,5.74219002702788,"Actual"
"Tilak Varma","MI",1359516,8,5.8347276912935,"Actual"
"Tilak Varma","MI",1359520,9,5.91996655671727,"Actual"
"Tilak Varma","MI",1370351,10,5.99859194124919,"Actual"
"Tilak Varma","MI",1370352,11,6.07120655184924,"Actual"
"Tilak Varma","MI",1370353,12,6.13834354529874,"Forecast"
"Tilak Varma","MI",1370354,13,6.20047698829043,"Forecast"
"Tilak Varma","MI",1370355,14,6.25803033370264,"Forecast"
"Tilak Varma","MI",1370356,15,6.31138336286203,"Forecast"
"Tilak Varma","MI",1370357,16,6.3608779266089,"Forecast"
"Jitesh Sharma","PBKS",1359482,2,11.7056262627476,"Actual"
"Jitesh Sharma","PBKS",1359488,3,11.9111783455371,"Actual"
"Jitesh Sharma","PBKS",1359492,4,12.1130424665298,"Actual"
"Jitesh Sharma","PBKS",1359495,5,12.3114002354472,"Actual"
"Jitesh Sharma","PBKS",1359501,6,12.5064186805499,"Actual"
"Jitesh Sharma","PBKS",1359505,7,12.6982519189431,"Actual"
"Jitesh Sharma","PBKS",1359512,8,12.8870422468527,"Actual"
"Jitesh Sharma","PBKS",1359515,9,13.0729217474595,"Actual"
"Jitesh Sharma","PBKS",1359520,10,13.2560130529064,"Actual"
"Jitesh Sharma","PBKS",1359527,11,13.4364303232475,"Actual"
"Jitesh Sharma","PBKS",1359533,12,13.6142800453293,"Actual"
"Jitesh Sharma","PBKS",1359538,13,13.7896617377127,"Actual"
"Jitesh Sharma","PBKS",1359540,14,13.9626685741047,"Actual"
"Jitesh Sharma","PBKS",1359541,15,14.1333880195764,"Forecast"
"Jitesh Sharma","PBKS",1359542,16,14.3019020069099,"Forecast"
"Jitesh Sharma","PBKS",1359543,17,14.4682878294525,"Forecast"
"Jitesh Sharma","PBKS",1359544,18,14.6326182485176,"Forecast"
"Jitesh Sharma","PBKS",1359545,19,14.7949619153423,"Forecast"
"Prabhsimran Singh","PBKS",1359482,2,4.28904831744353,"Actual"
"Prabhsimran Singh","PBKS",1359488,3,4.28026613246358,"Actual"
"Prabhsimran Singh","PBKS",1359492,4,4.27150194759197,"Actual"
"Prabhsimran Singh","PBKS",1359495,5,4.26275571879134,"Actual"
"Prabhsimran Singh","PBKS",1359501,6,4.25402742750812,"Actual"
"Prabhsimran Singh","PBKS",1359505,7,4.2453170778249,"Actual"
"Prabhsimran Singh","PBKS",1359512,8,4.23662450624266,"Actual"
"Prabhsimran Singh","PBKS",1359515,9,4.22794974771199,"Actual"
"Prabhsimran Singh","PBKS",1359520,10,4.21929277288028,"Actual"
"Prabhsimran Singh","PBKS",1359527,11,4.21065352975676,"Actual"
"Prabhsimran Singh","PBKS",1359533,12,4.2020319865946,"Actual"
"Prabhsimran Singh","PBKS",1359538,13,4.1934281438981,"Actual"
"Prabhsimran Singh","PBKS",1359540,14,4.18484190115293,"Actual"
"Prabhsimran Singh","PBKS",1359541,15,4.17627325327186,"Forecast"
"Prabhsimran Singh","PBKS",1359542,16,4.16772217164032,"Forecast"
"Prabhsimran Singh","PBKS",1359543,17,4.15918861250991,"Forecast"
"Prabhsimran Singh","PBKS",1359544,18,4.15067254000265,"Forecast"
"Prabhsimran Singh","PBKS",1359545,19,4.1421739183141,"Forecast"
"M Shahrukh Khan","PBKS",1359482,2,3.94633297563975,"Actual"
"M Shahrukh Khan","PBKS",1359488,3,4.01201570573365,"Actual"
"M Shahrukh Khan","PBKS",1359492,4,4.07657616223899,"Actual"
"M Shahrukh Khan","PBKS",1359495,5,4.14006691101885,"Actual"
"M Shahrukh Khan","PBKS",1359501,6,4.20253649707565,"Actual"
"M Shahrukh Khan","PBKS",1359505,7,4.26402986311891,"Actual"
"M Shahrukh Khan","PBKS",1359512,8,4.32458871361303,"Actual"
"M Shahrukh Khan","PBKS",1359515,9,4.38425183302669,"Actual"
"M Shahrukh Khan","PBKS",1359527,10,4.44305536469526,"Actual"
"M Shahrukh Khan","PBKS",1359533,11,4.50103305737025,"Actual"
"M Shahrukh Khan","PBKS",1359538,12,4.55821647926027,"Actual"
"M Shahrukh Khan","PBKS",1359540,13,4.61463521449728,"Actual"
"M Shahrukh Khan","PBKS",1359541,14,4.67031703174159,"Forecast"
"M Shahrukh Khan","PBKS",1359542,15,4.72528803683474,"Forecast"
"M Shahrukh Khan","PBKS",1359543,16,4.7795728095875,"Forecast"
"M Shahrukh Khan","PBKS",1359544,17,4.83319452609345,"Forecast"
"M Shahrukh Khan","PBKS",1359545,18,4.88617506870879,"Forecast"
"Sam Curran","PBKS",1359482,2,7.92144771918728,"Actual"
"Sam Curran","PBKS",1359488,3,6.92955485370315,"Actual"
"Sam Curran","PBKS",1359492,4,6.0618630433631,"Actual"
"Sam Curran","PBKS",1359495,5,5.30282027999094,"Actual"
"Sam Curran","PBKS",1359501,6,4.63882197359912,"Actual"
"Sam Curran","PBKS",1359505,7,4.05796703067602,"Actual"
"Sam Curran","PBKS",1359512,8,3.54984456909228,"Actual"
"Sam Curran","PBKS",1359515,9,3.10534731585916,"Actual"
"Sam Curran","PBKS",1359527,10,2.71650837885693,"Actual"
"Sam Curran","PBKS",1359533,11,2.37635845100816,"Actual"
"Sam Curran","PBKS",1359538,12,2.07880089577666,"Actual"
"Sam Curran","PBKS",1359540,13,1.81850247653981,"Actual"
"Sam Curran","PBKS",1359541,14,1.59079776591607,"Forecast"
"Sam Curran","PBKS",1359542,15,1.3916055262841,"Forecast"
"Sam Curran","PBKS",1359543,16,1.2173555596359,"Forecast"
"Sam Curran","PBKS",1359544,17,1.06492471781282,"Forecast"
"Sam Curran","PBKS",1359545,18,0.931580925095111,"Forecast"
"Shikhar Dhawan","PBKS",1359482,2,12.7356111433982,"Actual"
"Shikhar Dhawan","PBKS",1359488,3,12.8088318429077,"Actual"
"Shikhar Dhawan","PBKS",1359492,4,12.8815637276476,"Actual"
"Shikhar Dhawan","PBKS",1359512,5,12.9538151035267,"Actual"
"Shikhar Dhawan","PBKS",1359515,6,13.0255940382964,"Actual"
"Shikhar Dhawan","PBKS",1359520,7,13.0969083714207,"Actual"
"Shikhar Dhawan","PBKS",1359527,8,13.1677657216509,"Actual"
"Shikhar Dhawan","PBKS",1359533,9,13.238173497767,"Actual"
"Shikhar Dhawan","PBKS",1359538,10,13.3081389052725,"Actual"
"Shikhar Dhawan","PBKS",1359540,11,13.3776689544921,"Actual"
"Shikhar Dhawan","PBKS",1359541,12,13.4467704680005,"Forecast"
"Shikhar Dhawan","PBKS",1359542,13,13.5154500874507,"Forecast"
"Shikhar Dhawan","PBKS",1359543,14,13.5837142804609,"Forecast"
"Shikhar Dhawan","PBKS",1359544,15,13.651569346882,"Forecast"
"Shikhar Dhawan","PBKS",1359545,16,13.7190214248787,"Forecast"
"Faf du Plessis","RCB",1359483,2,0.959162057162846,"Actual"
"Faf du Plessis","RCB",1359489,3,0.921422055432581,"Actual"
"Faf du Plessis","RCB",1359494,4,0.885167014758496,"Actual"
"Faf du Plessis","RCB",1359498,5,0.850338485965875,"Actual"
"Faf du Plessis","RCB",1359501,6,0.816880361085376,"Actual"
"Faf du Plessis","RCB",1359506,7,0.784738694199253,"Actual"
"Faf du Plessis","RCB",1359510,8,0.753861701544017,"Actual"
"Faf du Plessis","RCB",1359517,9,0.724199624701158,"Actual"
"Faf du Plessis","RCB",1359524,10,0.69570465942324,"Actual"
"Faf du Plessis","RCB",1359528,11,0.668330875551452,"Actual"
"Faf du Plessis","RCB",1359534,12,0.642034164606239,"Actual"
"Faf du Plessis","RCB",1359539,13,0.616772146893142,"Actual"
"Faf du Plessis","RCB",1359544,14,0.592504109558169,"Actual"
"Faf du Plessis","RCB",1359545,15,0.569190946944263,"Forecast"
"Faf du Plessis","RCB",1359546,16,0.546795082222496,"Forecast"
"Faf du Plessis","RCB",1359547,17,0.525280424408548,"Forecast"
"Faf du Plessis","RCB",1359548,18,0.504612300796498,"Forecast"
"Faf du Plessis","RCB",1359549,19,0.484757402942487,"Forecast"
"Glenn Maxwell","RCB",1359483,2,19.4166360116762,"Actual"
"Glenn Maxwell","RCB",1359489,3,19.4879706607743,"Actual"
"Glenn Maxwell","RCB",1359494,4,19.5589741892968,"Actual"
"Glenn Maxwell","RCB",1359498,5,19.62965026061,"Actual"
"Glenn Maxwell","RCB",1359501,6,19.7000024697425,"Actual"
"Glenn Maxwell","RCB",1359506,7,19.7700343441239,"Actual"
"Glenn Maxwell","RCB",1359510,8,19.8397493470839,"Actual"
"Glenn Maxwell","RCB",1359517,9,19.9091508741463,"Actual"
"Glenn Maxwell","RCB",1359524,10,19.9782422626696,"Actual"
"Glenn Maxwell","RCB",1359528,11,20.0470267881081,"Actual"
"Glenn Maxwell","RCB",1359534,12,20.1155076680405,"Actual"
"Glenn Maxwell","RCB",1359539,13,20.1836880591709,"Actual"
"Glenn Maxwell","RCB",1359544,14,20.2515710654584,"Actual"
"Glenn Maxwell","RCB",1359545,15,20.3191597351011,"Forecast"
"Glenn Maxwell","RCB",1359546,16,20.3864570631316,"Forecast"
"Glenn Maxwell","RCB",1359547,17,20.4534659921685,"Forecast"
"Glenn Maxwell","RCB",1359548,18,20.5201894142893,"Forecast"
"Glenn Maxwell","RCB",1359549,19,20.5866301720516,"Forecast"
"Virat Kohli","RCB",1359483,2,11.6412664070759,"Actual"
"Virat Kohli","RCB",1359489,3,11.9589711946984,"Actual"
"Virat Kohli","RCB",1359494,4,12.1954719560285,"Actual"
"Virat Kohli","RCB",1359498,5,12.3726245442677,"Actual"
"Virat Kohli","RCB",1359501,6,12.5059102726461,"Actual"
"Virat Kohli","RCB",1359506,7,12.6065128869445,"Actual"
"Virat Kohli","RCB",1359510,8,12.682624916497,"Actual"
"Virat Kohli","RCB",1359517,9,12.7403083504443,"Actual"
"Virat Kohli","RCB",1359524,10,12.7840818055522,"Actual"
"Virat Kohli","RCB",1359528,11,12.8173318089524,"Actual"
"Virat Kohli","RCB",1359534,12,12.8426067101662,"Actual"
"Virat Kohli","RCB",1359539,13,12.861829943008,"Actual"
"Virat Kohli","RCB",1359544,14,12.8764565746263,"Actual"
"Virat Kohli","RCB",1359545,15,12.8875892444795,"Forecast"
"Virat Kohli","RCB",1359546,16,12.8960646086662,"Forecast"
"Virat Kohli","RCB",1359547,17,12.9025181251089,"Forecast"
"Virat Kohli","RCB",1359548,18,12.9074327969942,"Forecast"
"Virat Kohli","RCB",1359549,19,12.9111759562863,"Forecast"
"Dinesh Karthik","RCB",1359483,2,6.03926772985715,"Actual"
"Dinesh Karthik","RCB",1359489,3,5.57367775036893,"Actual"
"Dinesh Karthik","RCB",1359494,4,5.14398187778474,"Actual"
"Dinesh Karthik","RCB",1359498,5,4.74741290088076,"Actual"
"Dinesh Karthik","RCB",1359501,6,4.38141695791043,"Actual"
"Dinesh Karthik","RCB",1359506,7,4.04363702652797,"Actual"
"Dinesh Karthik","RCB",1359510,8,3.7318978443947,"Actual"
"Dinesh Karthik","RCB",1359517,9,3.44419183191015,"Actual"
"Dinesh Karthik","RCB",1359524,10,3.17866618189537,"Actual"
"Dinesh Karthik","RCB",1359528,11,2.93361092715929,"Actual"
"Dinesh Karthik","RCB",1359534,12,2.70744792910352,"Actual"
"Dinesh Karthik","RCB",1359544,13,2.49872071193179,"Actual"
"Dinesh Karthik","RCB",1359545,14,2.3060850872419,"Forecast"
"Dinesh Karthik","RCB",1359546,15,2.12830049499244,"Forecast"
"Dinesh Karthik","RCB",1359547,16,1.96422201395764,"Forecast"
"Dinesh Karthik","RCB",1359548,17,1.81279298981903,"Forecast"
"Dinesh Karthik","RCB",1359549,18,1.67303822990486,"Forecast"
"Jos Buttler","RR",1359482,2,8.80282040354022,"Actual"
"Jos Buttler","RR",1359485,3,8.72790292981068,"Actual"
"Jos Buttler","RR",1359491,4,8.65362309056925,"Actual"
"Jos Buttler","RR",1359497,5,8.57997545866446,"Actual"
"Jos Buttler","RR",1359500,6,8.50695465383583,"Actual"
"Jos Buttler","RR",1359506,7,8.43455534752752,"Actual"
"Jos Buttler","RR",1359511,8,8.36277223821773,"Actual"
"Jos Buttler","RR",1359516,9,8.29160008999434,"Actual"
"Jos Buttler","RR",1359522,10,8.2210336988557,"Actual"
"Jos Buttler","RR",1359526,11,8.15106791160662,"Actual"
"Jos Buttler","RR",1359530,12,8.08169761896278,"Actual"
"Jos Buttler","RR",1359534,13,8.01291774851686,"Actual"
"Jos Buttler","RR",1359540,14,7.94472327769504,"Actual"
"Jos Buttler","RR",1359541,15,7.87710922436929,"Forecast"
"Jos Buttler","RR",1359542,16,7.81007064952881,"Forecast"
"Jos Buttler","RR",1359543,17,7.74360265485725,"Forecast"
"Jos Buttler","RR",1359544,18,7.67770038440366,"Forecast"
"Jos Buttler","RR",1359545,19,7.61235902354722,"Forecast"
"Sanju Samson","RR",1359482,2,13.029932583555,"Actual"
"Sanju Samson","RR",1359485,3,11.8712896584357,"Actual"
"Sanju Samson","RR",1359491,4,10.815675194547,"Actual"
"Sanju Samson","RR",1359497,5,9.85392773286082,"Actual"
"Sanju Samson","RR",1359500,6,8.977700511223,"Actual"
"Sanju Samson","RR",1359506,7,8.17938884164229,"Actual"
"Sanju Samson","RR",1359511,8,7.4520643966489,"Actual"
"Sanju Samson","RR",1359516,9,6.78941486778725,"Actual"
"Sanju Samson","RR",1359522,10,6.18568926267434,"Actual"
"Sanju Samson","RR",1359526,11,5.63564797206028,"Actual"
"Sanju Samson","RR",1359530,12,5.13451730156683,"Actual"
"Sanju Samson","RR",1359534,13,4.67794804185022,"Actual"
"Sanju Samson","RR",1359540,14,4.26197772313373,"Actual"
"Sanju Samson","RR",1359541,15,3.88299622527779,"Forecast"
"Sanju Samson","RR",1359542,16,3.53771444730371,"Forecast"
"Sanju Samson","RR",1359543,17,3.22313575925349,"Forecast"
"Sanju Samson","RR",1359544,18,2.93652999794088,"Forecast"
"Sanju Samson","RR",1359545,19,2.67540977140882,"Forecast"
"Yashasvi Jaiswal","RR",1359482,2,18.0565912176199,"Actual"
"Yashasvi Jaiswal","RR",1359485,3,18.1636574440112,"Actual"
"Yashasvi Jaiswal","RR",1359491,4,18.2699900931764,"Actual"
"Yashasvi Jaiswal","RR",1359497,5,18.3756020055008,"Actual"
"Yashasvi Jaiswal","RR",1359500,6,18.4805056424089,"Actual"
"Yashasvi Jaiswal","RR",1359506,7,18.5847131019501,"Actual"
"Yashasvi Jaiswal","RR",1359511,8,18.6882361334413,"Actual"
"Yashasvi Jaiswal","RR",1359516,9,18.7910861516084,"Actual"
"Yashasvi Jaiswal","RR",1359522,10,18.8932742497521,"Actual"
"Yashasvi Jaiswal","RR",1359526,11,18.9948112123751,"Actual"
"Yashasvi Jaiswal","RR",1359530,12,19.0957075271524,"Actual"
"Yashasvi Jaiswal","RR",1359534,13,19.1959733963122,"Actual"
"Yashasvi Jaiswal","RR",1359540,14,19.2956187474599,"Actual"
"Yashasvi Jaiswal","RR",1359541,15,19.3946532438913,"Forecast"
"Yashasvi Jaiswal","RR",1359542,16,19.4930862943552,"Forecast"
"Yashasvi Jaiswal","RR",1359543,17,19.5909270624629,"Forecast"
"Yashasvi Jaiswal","RR",1359544,18,19.688184475556,"Forecast"
"Yashasvi Jaiswal","RR",1359545,19,19.7848672332095,"Forecast"
"Shimron Hetmyer","RR",1359482,2,1.90969111827284,"Actual"
"Shimron Hetmyer","RR",1359485,3,1.96154883096134,"Actual"
"Shimron Hetmyer","RR",1359491,4,2.01202055319191,"Actual"
"Shimron Hetmyer","RR",1359497,5,2.06120815024581,"Actual"
"Shimron Hetmyer","RR",1359500,6,2.10920151082663,"Actual"
"Shimron Hetmyer","RR",1359506,7,2.15608043237458,"Actual"
"Shimron Hetmyer","RR",1359511,8,2.20191614086131,"Actual"
"Shimron Hetmyer","RR",1359516,9,2.24677252851855,"Actual"
"Shimron Hetmyer","RR",1359522,10,2.29070717053901,"Actual"
"Shimron Hetmyer","RR",1359526,11,2.33377216749692,"Actual"
"Shimron Hetmyer","RR",1359534,12,2.37601484844127,"Actual"
"Shimron Hetmyer","RR",1359540,13,2.41747836229734,"Actual"
"Shimron Hetmyer","RR",1359541,14,2.45820217700706,"Forecast"
"Shimron Hetmyer","RR",1359542,15,2.49822250663392,"Forecast"
"Shimron Hetmyer","RR",1359543,16,2.53757267470293,"Forecast"
"Shimron Hetmyer","RR",1359544,17,2.57628342805102,"Forecast"
"Shimron Hetmyer","RR",1359545,18,2.61438320786681,"Forecast"
"Devdutt Padikkal","RR",1359482,2,4.88688107569034,"Actual"
"Devdutt Padikkal","RR",1359491,3,4.9633400614597,"Actual"
"Devdutt Padikkal","RR",1359497,4,5.03856420282438,"Actual"
"Devdutt Padikkal","RR",1359500,5,5.11260809090651,"Actual"
"Devdutt Padikkal","RR",1359506,6,5.18552235506149,"Actual"
"Devdutt Padikkal","RR",1359511,7,5.2573540663441,"Actual"
"Devdutt Padikkal","RR",1359516,8,5.32814708186484,"Actual"
"Devdutt Padikkal","RR",1359522,9,5.39794233708644,"Actual"
"Devdutt Padikkal","RR",1359534,10,5.46677811429136,"Actual"
"Devdutt Padikkal","RR",1359540,11,5.53469028325574,"Actual"
"Devdutt Padikkal","RR",1359541,12,5.60171252054025,"Forecast"
"Devdutt Padikkal","RR",1359542,13,5.66787642855694,"Forecast"
"Devdutt Padikkal","RR",1359543,14,5.73321180420161,"Forecast"
"Devdutt Padikkal","RR",1359544,15,5.79774672228803,"Forecast"
"Devdutt Padikkal","RR",1359545,16,5.86150768541924,"Forecast"
"Dhruv Jurel","RR",1359485,2,9.18838484716109,"Actual"
"Dhruv Jurel","RR",1359491,3,9.25727653550131,"Actual"
"Dhruv Jurel","RR",1359497,4,9.32559098766884,"Actual"
"Dhruv Jurel","RR",1359500,5,9.39334087205296,"Actual"
"Dhruv Jurel","RR",1359506,6,9.46053837280273,"Actual"
"Dhruv Jurel","RR",1359511,7,9.52719533030489,"Actual"
"Dhruv Jurel","RR",1359516,8,9.59332292168034,"Actual"
"Dhruv Jurel","RR",1359522,9,9.65893216307678,"Actual"
"Dhruv Jurel","RR",1359534,10,9.72403361522336,"Actual"
"Dhruv Jurel","RR",1359540,11,9.78863746833514,"Actual"
"Dhruv Jurel","RR",1359541,12,9.85275359565861,"Forecast"
"Dhruv Jurel","RR",1359542,13,9.916391498319,"Forecast"
"Dhruv Jurel","RR",1359543,14,9.9795603942675,"Forecast"
"Dhruv Jurel","RR",1359544,15,10.0422691970807,"Forecast"
"Dhruv Jurel","RR",1359545,16,10.1045265353332,"Forecast"
"Aiden Markram","SRH",1359488,2,8.43803098969114,"Actual"
"Aiden Markram","SRH",1359493,3,7.04964182606486,"Actual"
"Aiden Markram","SRH",1359499,4,5.88969748409233,"Actual"
"Aiden Markram","SRH",1359503,5,4.92060978346234,"Actual"
"Aiden Markram","SRH",1359508,6,4.11097527358775,"Actual"
"Aiden Markram","SRH",1359514,7,3.43455761151658,"Actual"
"Aiden Markram","SRH",1359521,8,2.8694373686361,"Actual"
"Aiden Markram","SRH",1359526,9,2.39730172969356,"Actual"
"Aiden Markram","SRH",1359532,10,2.00285105624658,"Actual"
"Aiden Markram","SRH",1359536,11,1.67330310984301,"Actual"
"Aiden Markram","SRH",1359539,12,1.39797883266575,"Actual"
"Aiden Markram","SRH",1359543,13,1.16795629544706,"Actual"
"Aiden Markram","SRH",1359544,14,0.975781579223502,"Forecast"
"Aiden Markram","SRH",1359545,15,0.815227229846247,"Forecast"
"Aiden Markram","SRH",1359546,16,0.681090456447153,"Forecast"
"Aiden Markram","SRH",1359547,17,0.569024534244372,"Forecast"
"Aiden Markram","SRH",1359548,18,0.475397948114166,"Forecast"
"Rahul Tripathi","SRH",1359484,2,8.4061385505383,"Actual"
"Rahul Tripathi","SRH",1359488,3,5.21252611131547,"Actual"
"Rahul Tripathi","SRH",1359493,4,5.21252209027014,"Actual"
"Rahul Tripathi","SRH",1359499,5,5.21252209027726,"Actual"
"Rahul Tripathi","SRH",1359503,6,5.21252209027218,"Actual"
"Rahul Tripathi","SRH",1359508,7,5.21252209026692,"Actual"
"Rahul Tripathi","SRH",1359514,8,5.21252209027291,"Actual"
"Rahul Tripathi","SRH",1359521,9,5.21252209027169,"Actual"
"Rahul Tripathi","SRH",1359526,10,5.21252209026651,"Actual"
"Rahul Tripathi","SRH",1359532,11,5.21252209026628,"Actual"
"Rahul Tripathi","SRH",1359536,12,5.21252209027431,"Actual"
"Rahul Tripathi","SRH",1359539,13,5.21252209027796,"Actual"
"Rahul Tripathi","SRH",1359540,14,5.21252209082512,"Forecast"
"Rahul Tripathi","SRH",1359541,15,5.21252209032158,"Forecast"
"Rahul Tripathi","SRH",1359542,16,5.21252209032158,"Forecast"
"Rahul Tripathi","SRH",1359543,17,5.21252209032158,"Forecast"
"Rahul Tripathi","SRH",1359544,18,5.21252209032158,"Forecast"
"Abhishek Sharma","SRH",1359493,2,16.7899400351653,"Actual"
"Abhishek Sharma","SRH",1359499,3,14.3404187508138,"Actual"
"Abhishek Sharma","SRH",1359503,4,12.2482634578392,"Actual"
"Abhishek Sharma","SRH",1359508,5,10.4613375844707,"Actual"
"Abhishek Sharma","SRH",1359514,6,8.9351100266221,"Actual"
"Abhishek Sharma","SRH",1359521,7,7.63154723629107,"Actual"
"Abhishek Sharma","SRH",1359526,8,6.51816406748465,"Actual"
"Abhishek Sharma","SRH",1359532,9,5.56721484630904,"Actual"
"Abhishek Sharma","SRH",1359536,10,4.75500172571301,"Actual"
"Abhishek Sharma","SRH",1359539,11,4.06128419320329,"Actual"
"Abhishek Sharma","SRH",1359540,12,3.46877466867537,"Forecast"
"Abhishek Sharma","SRH",1359541,13,2.96270770485352,"Forecast"
"Abhishek Sharma","SRH",1359542,14,2.53047200483059,"Forecast"
"Abhishek Sharma","SRH",1359543,15,2.16129616920749,"Forecast"
"Abhishek Sharma","SRH",1359544,16,1.84598026291689,"Forecast"
"Harry Brook","SRH",1359484,2,6.19724147481854,"Actual"
"Harry Brook","SRH",1359488,3,6.34653362914589,"Actual"
"Harry Brook","SRH",1359493,4,6.49224948980941,"Actual"
"Harry Brook","SRH",1359499,5,6.63462485476786,"Actual"
"Harry Brook","SRH",1359503,6,6.77387041922668,"Actual"
"Harry Brook","SRH",1359508,7,6.9101755752821,"Actual"
"Harry Brook","SRH",1359514,8,7.04371115599522,"Actual"
"Harry Brook","SRH",1359521,9,7.17463193925135,"Actual"
"Harry Brook","SRH",1359539,10,7.30307867783145,"Actual"
"Harry Brook","SRH",1359543,11,7.42918000320075,"Actual"
"Harry Brook","SRH",1359544,12,7.55305315844211,"Forecast"
"Harry Brook","SRH",1359545,13,7.67480636420364,"Forecast"
"Harry Brook","SRH",1359546,14,7.7945390497847,"Forecast"
"Harry Brook","SRH",1359547,15,7.91234305884748,"Forecast"
"Harry Brook","SRH",1359548,16,8.02830340905418,"Forecast"
"Heinrich Klaasen","SRH",1359499,2,0.823810516101155,"Actual"
"Heinrich Klaasen","SRH",1359503,3,0.773093535969559,"Actual"
"Heinrich Klaasen","SRH",1359508,4,0.736274261999652,"Actual"
"Heinrich Klaasen","SRH",1359514,5,0.709905753098682,"Actual"
"Heinrich Klaasen","SRH",1359521,6,0.691230520513308,"Actual"
"Heinrich Klaasen","SRH",1359526,7,0.678118491793663,"Actual"
"Heinrich Klaasen","SRH",1359532,8,0.668972624231329,"Actual"
"Heinrich Klaasen","SRH",1359536,9,0.662623886780703,"Actual"
"Heinrich Klaasen","SRH",1359539,10,0.658232084725637,"Actual"
"Heinrich Klaasen","SRH",1359543,11,0.655201495215948,"Actual"
"Heinrich Klaasen","SRH",1359544,12,0.653113862459924,"Forecast"
"Heinrich Klaasen","SRH",1359545,13,0.651677477797736,"Forecast"
"Heinrich Klaasen","SRH",1359546,14,0.650690025582501,"Forecast"
"Heinrich Klaasen","SRH",1359547,15,0.650011588191382,"Forecast"
"Heinrich Klaasen","SRH",1359548,16,0.649545648339315,"Forecast"
